total_qty,avg_qty,frequency,percentage,cumulative_pct,is_80_pct
2320,8.75,265,34.02,34.02,1
1824,9.17,199,26.75,60.77,1
879,9.25,95,12.89,73.66,1
852,9.16,93,12.49,86.14999999999999,0
507,7.57,67,7.44,93.58999999999999,0
437,9.1,48,6.41,99.99999999999999,0
