loss_category,발생_횟수,총_시간_분,평균_시간_분,비율_%,누적_비율_%
계획정지,179,8939,49.93854748603352,38.76,38.76
세팅/교체손실,176,8463,48.08522727272727,36.69,75.45
품질손실,66,3342,50.63636363636363,14.49,89.94
고장손실,45,2321,51.577777777777776,10.06,100.0
